Scenario,Charges / week,Vehicle Type,VMT (B),Gas VMT (B),MPG,Gallons (B),kg CO2 / gallon,Gas Emissions (Mt CO2),Electric VMT (B),% Electric,mi / kWh,Electricity (TWh),Grid g CO2 / kWh,Electricity Emissions (Mt CO2),Total Emissions (Mt CO2),Battery Size (kWh),Installed Battery (TWh),Battery Wh / VMT,Pack $ / kWh,Battery Cost ($T),$ CAPEX / EV Mile,$ / gallon,Gas OPEX ($B),$ / kWh,Electricity OPEX ($B),OPEX ($B),$ OPEX / VMT,CO2 Saved (Mt CO2),$ CAPEX / kg CO2,$ OPEX / kg CO2,OPEX Savings ($B),Scenario Electric VMT (B)
Average,7,LDV (25-mile EV range),3392.497,1378.7615432930327,26.4,52.225816033826995,8.888,464.1830529086543,2013.7354567069672,0.5935850368348056,3.6,559.3709601963798,348.0,194.66109414834017,658.8441470569944,6.944444444444445,1.7898695625,0.5275965056122379,115.0,0.20583499968750002,0.010221551147741075,3.0,156.677448101481,0.25,139.84274004909494,296.5201881505759,0.08740470165502752,439.6318529430057,0.04681985582017977,0.674473849348257,74.2525391221514,1936.7492581846036
Average,7,LDV (50-mile EV range),3392.497,906.3827747798591,26.4,34.33268086287345,8.888,305.14886750921926,2486.1142252201407,0.7328272435377661,3.6,690.5872847833724,348.0,240.3243751046136,545.4732426138329,13.88888888888889,3.579739125,1.0551930112244758,115.0,0.41166999937500004,0.01655877252938961,3.0,102.99804258862036,0.25,172.6468211958431,275.6448637844635,0.0812513213083058,553.0027573861672,0.07444266667327427,0.4984511561702359,95.12786348826381,2391.0687302150236
Average,7,LDV (75-mile EV range),3392.497,740.0858011540648,26.4,28.033553074017608,8.888,249.1622197218685,2652.411198845935,0.7818462916388533,3.6,736.7808885683153,348.0,256.39974922177373,505.5619689436422,20.833333333333332,5.3696086875,1.5827895168367137,115.0,0.6175049990625,0.023280892469884632,3.0,84.10065922205283,0.25,184.19522214207882,268.2958813641317,0.07908507549575775,592.9140310563579,0.10414747614630233,0.45250384931205906,102.47684590859564,2551.008080359251
Average,7,LDV (100-mile EV range),3392.497,573.7888275282704,26.4,21.73442528516176,8.888,193.1755719345177,2818.7081724717295,0.8308653397399407,3.6,782.9744923532581,348.0,272.4751233389339,465.65069527345156,27.77777777777778,7.15947825,2.1103860224489517,115.0,0.8233399987500001,0.029209834731774024,3.0,65.20327585548527,0.25,195.74362308831454,260.9468989437998,0.07691882968320969,632.8253047265486,0.13010541655027136,0.4123521878704868,109.82582832892751,2710.9474305034787
Average,7,LDV (125-mile EV range),3392.497,510.75092252226864,26.4,19.346625853116237,8.888,171.9528105824971,2881.746077477731,0.8494469051786137,3.6,800.4850215215919,348.0,278.56878748951397,450.5215980720111,34.72222222222222,8.949347812500001,2.6379825280611895,115.0,1.0291749984375,0.03571359067618799,3.0,58.03987755934871,0.25,200.12125538039797,258.16113293974666,0.07609767464488448,647.954401927989,0.15883447899654493,0.3984248462107641,112.61159433298064,2771.575362216781
Average,7,LDV (150-mile EV range),3392.497,447.7130175162665,26.4,16.958826421070704,8.888,150.73004923047642,2944.7839824837333,0.8680284706172867,3.6,817.995550689926,348.0,284.6624516400942,435.39250087057064,41.666666666666664,10.739217375,3.1655790336734273,115.0,1.235009998125,0.0419388996093136,3.0,50.87647926321211,0.25,204.4988876724815,255.3753669356936,0.0752765196065593,663.0834991294295,0.1862525609137401,0.3851330447386778,115.39736033703372,2832.2032939300834
Average,5,LDV (25-mile EV range),3392.497,1671.364892807317,26.4,63.3092762427014,8.888,562.69284724513,1721.132107192683,0.5073348943838957,3.6,478.0922519979675,348.0,166.37610369529267,729.0689509404226,6.944444444444445,1.7898695625,0.5275965056122379,115.0,0.20583499968750002,0.01195927952464003,3.0,189.9278287281042,0.25,119.52306299949187,309.45089172759606,0.09121626098050965,369.4070490595775,0.055720376806968626,0.8376962283621399,61.32183554513125,1936.7492581846036
Average,5,LDV (50-mile EV range),3392.497,1260.384545506412,26.4,47.74183884493985,8.888,424.32946365382537,2132.112454493588,0.6284788032218122,3.6,592.2534595815522,348.0,206.10420393438017,630.4336675882055,13.88888888888889,3.579739125,1.0551930112244758,115.0,0.41166999937500004,0.01930808098359795,3.0,143.22551653481955,0.25,148.06336489538805,291.2888814302076,0.08586267915055124,468.04233241179463,0.08795571914482365,0.6223558453125663,79.48384584251971,2391.0687302150236
Average,5,LDV (75-mile EV range),3392.497,1109.576805700695,26.4,42.029424458359664,8.888,373.5575245859007,2282.920194299305,0.6729321188196496,3.6,634.1444984164735,348.0,220.6822854489328,594.2398100348335,20.833333333333332,5.3696086875,1.5827895168367137,115.0,0.6175049990625,0.027048908700552727,3.0,126.08827337507898,0.25,158.53612460411838,284.6243979791974,0.08389820181983873,504.23618996516666,0.12246344299586233,0.5644664219735193,86.14832929352991,2551.008080359251
Average,5,LDV (100-mile EV range),3392.497,958.7690658949784,26.4,36.317010071779485,8.888,322.7855855179761,2433.7279341050216,0.7173854344174871,3.6,676.0355372513949,348.0,235.2603669634854,558.0459524814614,27.77777777777778,7.15947825,2.1103860224489517,115.0,0.8233399987500001,0.03383040426220751,3.0,108.95103021533845,0.25,169.00888431284872,277.95991452818714,0.0819337244891262,540.4300475185387,0.1523490417548918,0.5143309773475394,92.81281274454017,2710.9474305034787
Average,5,LDV (125-mile EV range),3392.497,895.7313568330187,26.4,33.92921806185677,8.888,301.562890133783,2496.765643166981,0.735966942098101,3.6,693.5460119908281,348.0,241.35401217280818,542.9169023065912,34.72222222222222,8.949347812500001,2.6379825280611895,115.0,1.0291749984375,0.04122032843787694,3.0,101.78765418557032,0.25,173.38650299770703,275.1741571832773,0.08111257200324049,555.559097693409,0.1852503185908515,0.4953103249064873,95.59857008944999,2771.575362216781
Average,5,LDV (150-mile EV range),3392.497,832.6936477710587,26.4,31.541426051934046,8.888,280.3401947495898,2559.803352228941,0.7545484497787149,3.6,711.0564867302614,348.0,247.44765738213098,527.7878521317208,41.666666666666664,10.739217375,3.1655790336734273,115.0,1.235009998125,0.048246284115911434,3.0,94.62427815580213,0.25,177.76412168256536,272.3883998383675,0.08029141951735477,570.6881478682793,0.21640715734822882,0.4772981546153251,98.38432743435982,2832.2032939300834
Average,3,LDV (25-mile EV range),3392.497,1963.969786595092,26.4,74.3927949467838,8.888,661.2031614870143,1428.5272134049078,0.42108429673037523,3.6,396.8131148346966,348.0,138.0909639624744,799.2941254494888,6.944444444444445,1.7898695625,0.5275965056122379,115.0,0.20583499968750002,0.01440889594233843,3.0,223.17838484035138,0.25,99.20327870867415,322.3816635490255,0.09502784042226876,299.18187455051134,0.06879928805738818,1.0775440993321181,48.39106372370179,1936.7492581846036
Average,3,LDV (50-mile EV range),3392.497,1614.391081336353,26.4,61.15117732334671,8.888,543.5116640499056,1778.105918663647,0.5241289583052385,3.6,493.9183107399019,348.0,171.88357213748586,715.3952361873914,13.88888888888889,3.579739125,1.0551930112244758,115.0,0.41166999937500004,0.02315216405580578,3.0,183.45353197004013,0.25,123.47957768497548,306.93310965501564,0.09047409906479377,383.08076381260867,0.10746297863611246,0.8012229760645405,63.83961761771167,2391.0687302150236
Average,3,LDV (75-mile EV range),3392.497,1479.0721704854172,26.4,56.025461003235506,8.888,497.95429739675717,1913.4248295145826,0.5640166607412129,3.6,531.506897087384,348.0,184.96440018640962,682.9186975831668,20.833333333333332,5.3696086875,1.5827895168367137,115.0,0.6175049990625,0.03227223717062117,3.0,168.07638300970652,0.25,132.876724271846,300.95310728155255,0.08871138494199186,415.5573024168333,0.148596835014368,0.7242156629933924,69.81961999117476,2551.008080359251
Average,3,LDV (100-mile EV range),3392.497,1343.753259634482,26.4,50.89974468312432,8.888,452.39693074360895,2048.7437403655176,0.6039043631771871,3.6,569.095483434866,348.0,198.04522823533335,650.4421589789423,27.77777777777778,7.15947825,2.1103860224489517,115.0,0.8233399987500001,0.04018755408634501,3.0,152.69923404937296,0.25,142.2738708587165,294.97310490808945,0.08694867081918996,448.0338410210578,0.18376736830272217,0.6583723770415494,75.79962236463786,2710.9474305034787
Average,3,LDV (125-mile EV range),3392.497,1280.715550572521,26.4,48.51195267320155,8.888,431.1742353594154,2111.781449427479,0.6224858708578015,3.6,586.6059581742996,348.0,204.13887344465627,635.3131088040716,34.72222222222222,8.949347812500001,2.6379825280611895,115.0,1.0291749984375,0.04873491992822068,3.0,145.53585801960463,0.25,146.6514895435749,292.1873475631795,0.0861275183333042,463.1628911959285,0.22220584118474537,0.6308522403613237,78.5853797095478,2771.575362216781
Average,3,LDV (150-mile EV range),3392.497,1217.677841510562,26.4,46.12416066327887,8.888,409.9515399752226,2174.8191584894375,0.6410673785384151,3.6,604.1164329137326,348.0,210.23251865397899,620.1840586292016,41.666666666666664,10.739217375,3.1655790336734273,115.0,1.235009998125,0.05678679044665028,3.0,138.37248198983661,0.25,151.02910822843316,289.4015902182698,0.08530636584741853,478.29194137079855,0.25821258760610216,0.6050731053273373,81.3711370544575,2832.2032939300834
Average,2,LDV (25-mile EV range),3392.497,2159.039715786942,26.4,81.78180741617204,8.888,726.8767043149371,1233.4572842130578,0.363583898294695,3.6,342.62702339251604,348.0,119.23420414059558,846.1109084555327,6.944444444444445,1.7898695625,0.5275965056122379,115.0,0.20583499968750002,0.01668764717854191,3.0,245.34542224851612,0.25,85.65675584812901,331.00217809664514,0.0975688933834415,252.36509154446742,0.0815623898011391,1.311600491458311,39.77054917608217,1936.7492581846036
Average,2,LDV (50-mile EV range),3392.497,1850.3954385563143,26.4,70.0907363089513,8.888,622.9664643139592,1542.1015614436856,0.4545623950275227,3.6,428.3615448454682,348.0,149.06981760622293,772.0362819201822,13.88888888888889,3.579739125,1.0551930112244758,115.0,0.41166999937500004,0.026695388271937327,3.0,210.27220892685392,0.25,107.09038621136705,317.36259513822097,0.09354837900762211,326.4397180798179,0.12610904144769003,0.9721935706996981,53.41013213450634,2391.0687302150236
Average,2,LDV (75-mile EV range),3392.497,1725.402413675232,26.4,65.35615203315274,8.888,580.8854792706616,1667.0945863247678,0.49140635535558846,3.6,463.0818295346577,348.0,161.15247667806085,742.0379559487224,20.833333333333332,5.3696086875,1.5827895168367137,115.0,0.6175049990625,0.03704078965452314,3.0,196.06845609945822,0.25,115.77045738366442,311.8389134831226,0.09192017369009393,356.43804405127776,0.17324329132881922,0.8748755041374342,58.9338137896047,2551.008080359251
Average,2,LDV (100-mile EV range),3392.497,1600.40938879415,26.4,60.621567757354164,8.888,538.8044942273638,1792.08761120585,0.5282503156836542,3.6,497.8021142238472,348.0,173.23513574989883,712.0396299772626,27.77777777777778,7.15947825,2.1103860224489517,115.0,0.8233399987500001,0.04594306626538172,3.0,181.86470327206248,0.25,124.4505285559618,306.31523182802425,0.09029196837256577,386.4363700227375,0.21305965551367634,0.7926666731964204,64.45749544470306,2710.9474305034787
Average,2,LDV (125-mile EV range),3392.497,1537.37167973219,26.4,58.23377574743144,8.888,517.5817988431706,1855.12532026781,0.5468318233642683,3.6,515.3125889632805,348.0,179.32878095922163,696.9105798023922,34.72222222222222,8.949347812500001,2.6379825280611895,115.0,1.0291749984375,0.05547738404481085,3.0,174.70132724229433,0.25,128.82814724082013,303.5294744831144,0.08947081588668006,401.56542019760786,0.25629074284609704,0.7558655681401786,67.24325278961288,2771.575362216781
Average,2,LDV (150-mile EV range),3392.497,1474.33397067023,26.4,55.84598373750872,8.888,496.3591034589775,1918.1630293297699,0.5654133310448822,3.6,532.8230637027139,348.0,185.4224261685444,681.7815296275219,41.666666666666664,10.739217375,3.1655790336734273,115.0,1.235009998125,0.06438503814540351,3.0,167.53795121252614,0.25,133.20576592567846,300.7437171382046,0.08864966340079435,416.69447037247824,0.29638262226543083,0.7217367604359457,70.02901013452271,2832.2032939300834
