Trip Distance Bin (miles),Average Distance (miles),Trips (B/year),VMT (B/year),EV VMT (B/year),Gas VMT (B/year),EV% in bin
0-1,0.3,146.472,35.305,35.305,0.0,100.0
1-3,1.0,123.019,118.612,118.612,0.0,100.0
3-5,3.0,63.632,184.069,184.069,0.0,100.0
5-10,5.0,81.916,394.944,394.944,0.0,100.0
10-25,10.0,77.731,749.5,749.5,0.0,100.0
25-50,25.0,24.428,588.76,588.76,0.0,100.0
50-100,50.0,8.245,397.246,397.246,0.0,100.0
100-250,100.0,3.748,361.086,180.543,180.543,50.0
250-500,250.0,0.774,186.41,37.282,149.128,20.0
500+,500.0,0.513,246.868,24.687,222.181,10.0
