Range (mi),Scenario,EV share (%),EV VMT (B),Gas VMT (B),EV CO2 saved (Mt),Battery size (kWh),Installed battery (TWh),kWh battery / electric mile,kWh battery / ton CO2 saved,Fleet pack cost ($B),$ / electric mile,$ / ton CO2 saved
50.0,Base_EachTrip,73.28272435377662,2391.0687302150236,871.7312697849768,542.6972192102929,13.88888888888889,3.357785022722782,0.0014043030132474795,6.187216193237309,386.14527761311996,0.16149484652346013,711.5298622222905
75.0,Base_EachTrip,78.18462916388535,2551.008080359251,711.7919196407493,578.9984093303143,20.833333333333332,5.0366775340841725,0.0019743871345851917,8.698948827700121,579.2179164196798,0.22705452047729704,1000.3791151855139
100.0,Base_EachTrip,83.08653397399407,2710.9474305034787,551.8525694965216,615.2995994503357,27.77777777777778,6.715570045445564,0.002477204083665446,10.914309145406191,772.2905552262399,0.28487846962152624,1255.1455517217119
125.0,Base_EachTrip,84.94469051786136,2771.575362216781,491.2246377832193,629.0602285495761,34.72222222222222,8.394462556806955,0.003028769367502544,13.344449666071027,965.3631940327998,0.3483084772627926,1534.6117115981683
150.0,Base_EachTrip,86.80284706172867,2832.203293930083,430.59670606991676,642.8208576488165,41.666666666666664,10.073355068168345,0.0035567203419886355,15.67054794241226,1158.4358328393596,0.40902283932869304,1802.1130133774097
50.0,Low,62.61114404267929,2042.8764078245401,1219.9235921754598,463.66853938865677,13.88888888888889,3.357785022722782,0.0016436554898093365,7.241778851655527,386.14527761311996,0.1890203813280737,832.8045679403855
75.0,Low,78.18462916388535,2551.008080359251,711.7919196407493,578.9984093303143,20.833333333333332,5.0366775340841725,0.0019743871345851917,8.698948827700121,579.2179164196798,0.22705452047729704,1000.3791151855139
100.0,Low,83.08653397399407,2710.9474305034787,551.8525694965216,615.2995994503357,27.77777777777778,6.715570045445564,0.002477204083665446,10.914309145406191,772.2905552262399,0.28487846962152624,1255.1455517217119
125.0,Low,84.94469051786136,2771.575362216781,491.2246377832193,629.0602285495761,34.72222222222222,8.394462556806955,0.003028769367502544,13.344449666071027,965.3631940327998,0.3483084772627926,1534.6117115981683
150.0,Low,86.80284706172867,2832.203293930083,430.59670606991676,642.8208576488165,41.666666666666664,10.073355068168345,0.0035567203419886355,15.67054794241226,1158.4358328393596,0.40902283932869304,1802.1130133774097
50.0,Normal,73.28272435377662,2391.0687302150236,871.7312697849768,542.6972192102929,13.88888888888889,3.357785022722782,0.0014043030132474795,6.187216193237309,386.14527761311996,0.16149484652346013,711.5298622222905
75.0,Normal,78.18462916388535,2551.008080359251,711.7919196407493,578.9984093303143,20.833333333333332,5.0366775340841725,0.0019743871345851917,8.698948827700121,579.2179164196798,0.22705452047729704,1000.3791151855139
100.0,Normal,83.08653397399407,2710.9474305034787,551.8525694965216,615.2995994503357,27.77777777777778,6.715570045445564,0.002477204083665446,10.914309145406191,772.2905552262399,0.28487846962152624,1255.1455517217119
125.0,Normal,84.94469051786136,2771.575362216781,491.2246377832193,629.0602285495761,34.72222222222222,8.394462556806955,0.003028769367502544,13.344449666071027,965.3631940327998,0.3483084772627926,1534.6117115981683
150.0,Normal,86.80284706172867,2832.203293930083,430.59670606991676,642.8208576488165,41.666666666666664,10.073355068168345,0.0035567203419886355,15.67054794241226,1158.4358328393596,0.40902283932869304,1802.1130133774097
50.0,More,73.28272435377662,2391.0687302150236,871.7312697849768,542.6972192102929,13.88888888888889,3.357785022722782,0.0014043030132474795,6.187216193237309,386.14527761311996,0.16149484652346013,711.5298622222905
75.0,More,78.18462916388535,2551.008080359251,711.7919196407493,578.9984093303143,20.833333333333332,5.0366775340841725,0.0019743871345851917,8.698948827700121,579.2179164196798,0.22705452047729704,1000.3791151855139
100.0,More,83.08653397399407,2710.9474305034787,551.8525694965216,615.2995994503357,27.77777777777778,6.715570045445564,0.002477204083665446,10.914309145406191,772.2905552262399,0.28487846962152624,1255.1455517217119
125.0,More,84.94469051786136,2771.575362216781,491.2246377832193,629.0602285495761,34.72222222222222,8.394462556806955,0.003028769367502544,13.344449666071027,965.3631940327998,0.3483084772627926,1534.6117115981683
150.0,More,86.80284706172867,2832.203293930083,430.59670606991676,642.8208576488165,41.666666666666664,10.073355068168345,0.0035567203419886355,15.67054794241226,1158.4358328393596,0.40902283932869304,1802.1130133774097
