Scenario,Vehicle Type,VMT (B),Gas VMT (B),MPG,Gallons (B),kg CO2 / gallon,Gas Emissions (Mt CO2),Electric VMT (B),% Electric,% Increase,mi / kWh,Electricity (TWh),Grid g CO2 / kWh,Electricity Emissions (Mt CO2),Total Emissions (Mt CO2),Battery Size (kWh),Installed Battery (TWh),Battery Wh / VMT,Pack $ / kWh,Battery Cost ($T),$ CAPEX / EV Mile,$ / gallon,Gas OPEX ($B),$ / kWh,Electricity OPEX ($B),OPEX ($B),$ OPEX / VMT,CO2 Saved (Mt CO2),$ CAPEX / kg CO2,$ OPEX / kg CO2,OPEX Savings ($B)
Worst,ICE,3262.8,3262.8,36.0,90.63333333333334,8.888,805.5490666666667,0.0,0.0,,2.9,0.0,714.0,0.0,805.5490666666667,0.0,0.0,0.0,150.0,0.0,,2.0,181.26666666666668,0.4,0.0,181.26666666666668,0.05555555555555556,0.0,,,0.0
Worst,LDV (25-mile EV range),3262.8,1326.0507418153966,36.0,36.834742828205464,8.888,327.38719425709013,1936.7492581846036,0.5935850368348056,0.5935850368348056,2.9,667.8445717877944,714.0,476.84102425648524,804.2282185135754,8.620689655172415,2.221907043103448,0.6809816853939709,150.0,0.33328605646551723,0.01720852893357606,2.0,73.66948565641093,0.4,267.1378287151178,340.8073143715287,0.10445240724884415,1.3208481530913332,25.232730627323775,258.02157013574805,-159.54064770486204
Worst,LDV (50-mile EV range),3262.8,871.7312697849768,36.0,24.214757494027133,8.888,215.22076460691315,2391.0687302150236,0.7328272435377662,0.1392422067029606,2.9,824.5064586948357,714.0,588.6976115081128,803.9183761150259,17.24137931034483,4.443814086206896,1.3619633707879417,150.0,0.6665721129310345,0.027877580619403236,2.0,48.429514988054265,0.4,329.8025834779343,378.2320984659886,0.11592255071288114,1.6306905516407824,40.87667720036381,231.94596797376164,-196.96543179932192
Worst,LDV (75-mile EV range),3262.8,711.7919196407493,36.0,19.77199776779859,8.888,175.7335161601939,2551.008080359251,0.7818462916388533,0.04901904810108715,2.9,879.6579587445693,714.0,628.0757825436225,803.8092987038164,25.862068965517242,6.665721129310344,2.0429450561819125,150.0,0.9998581693965516,0.03919462964836021,2.0,39.54399553559718,0.4,351.8631834978278,391.40717903342494,0.1199605182767638,1.739767962850351,57.47077718102319,224.9766563077541,-210.14051236675826
Worst,LDV (100-mile EV range),3262.8,551.8525694965216,36.0,15.329238041570044,8.888,136.24626771347454,2710.9474305034787,0.8308653397399407,0.04901904810108737,2.9,934.809458794303,714.0,667.4539535791323,803.7002212926068,34.48275862068966,8.887628172413793,2.7239267415758834,150.0,1.333144225862069,0.04917632156424651,2.0,30.658476083140087,0.4,373.92378351772123,404.58225960086133,0.12399848584064647,1.8488453740599198,72.10685352959445,218.8296897497871,-223.31559293419465
Worst,LDV (125-mile EV range),3262.8,491.2246377832193,36.0,13.645128827311646,8.888,121.27790501714591,2771.575362216781,0.8494469051786137,0.018581565438672953,2.9,955.7156421437176,714.0,682.3809684906144,803.6588735077603,43.10344827586207,11.109535215517242,3.404908426969855,150.0,1.6664302823275863,0.060125743107873865,2.0,27.290257654623293,0.4,382.28625685748705,409.57651451211035,0.1255291511928743,1.8901931589064134,88.16190421997469,216.6850052240556,-228.30984784544367
Worst,LDV (150-mile EV range),3262.8,430.59670606991676,36.0,11.961019613053244,8.888,106.30954232081723,2832.2032939300834,0.8680284706172867,0.018581565438673064,2.9,976.6218254931323,714.0,697.3079834020964,803.6175257229136,51.724137931034484,13.331442258620688,4.085890112363825,150.0,1.9997163387931032,0.07060638419137678,2.0,23.922039226106488,0.4,390.6487301972529,414.5707694233594,0.12705981654510218,1.9315409437531343,103.52958580870146,214.63214164014363,-233.30410275669274
Worst,EV,3262.8,0.0,36.0,0.0,8.888,0.0,3262.8,1.0,0.13197152938271328,2.9,1125.103448275862,714.0,803.3238620689656,803.3238620689656,103.44827586206897,26.662884517241377,8.17178022472765,150.0,3.9994326775862064,0.12257670337091474,2.0,0.0,0.4,450.04137931034484,450.04137931034484,0.13793103448275862,2.225204597701122,179.7332560663435,202.24719101123844,-268.7747126436782
Average,ICE,3262.8,3262.8,26.4,123.59090909090911,8.888,1098.476,0.0,0.0,,3.6,0.0,348.0,0.0,1098.476,0.0,0.0,0.0,115.0,0.0,,3.0,370.7727272727273,0.25,0.0,370.7727272727273,0.11363636363636365,0.0,,,0.0
Average,LDV (25-mile EV range),3262.8,1326.0507418153966,26.4,50.229194765734725,8.888,446.4370830778502,1936.7492581846036,0.5935850368348056,0.5935850368348056,3.6,537.9859050512788,348.0,187.21909495784504,633.6561780356952,6.944444444444445,1.7898695625,0.5485685799006987,115.0,0.20583499968750002,0.010627859998791882,3.0,150.68758429720418,0.25,134.4964762628197,285.1840605600239,0.08740470165502755,464.8198219643049,0.044282749994966175,0.6135367879856126,85.5886667127034
Average,LDV (50-mile EV range),3262.8,871.7312697849768,26.4,33.02012385549155,8.888,293.4828608276089,2391.0687302150236,0.7328272435377662,0.1392422067029606,3.6,664.1857583930621,348.0,231.13664392078562,524.6195047483945,13.88888888888889,3.579739125,1.0971371598013975,115.0,0.41166999937500004,0.017216987289946258,3.0,99.06037156647464,0.25,166.04643959826552,265.1068111647402,0.0812513213083058,573.8564952516056,0.07173744704144278,0.4619740533711393,105.66591610798713
Average,LDV (75-mile EV range),3262.8,711.7919196407493,26.4,26.96181513790717,8.888,239.63661294571892,2551.008080359251,0.7818462916388533,0.04901904810108715,3.6,708.6133556553475,348.0,246.59744776806093,486.23406071377985,20.833333333333332,5.3696086875,1.6457057397020964,115.0,0.6175049990625,0.024206312940237285,3.0,80.88544541372151,0.25,177.15333891383688,258.0387843275584,0.07908507549575775,612.2419392862203,0.10085963725098866,0.4214653844661342,112.7339429451689
Average,LDV (100-mile EV range),3262.8,551.8525694965216,26.4,20.90350642032279,8.888,185.79036506382894,2710.9474305034787,0.8308653397399407,0.04901904810108737,3.6,753.0409529176329,348.0,262.05825161533625,447.84861667916516,27.77777777777778,7.15947825,2.194274319602795,115.0,0.8233399987500001,0.030370931929030027,3.0,62.71051926096837,0.25,188.26023822940823,250.9707574903766,0.07691882968320969,650.627383320835,0.12654554970429177,0.385736542795677,119.80196978235071
Average,LDV (125-mile EV range),3262.8,491.2246377832193,26.4,18.606993855424975,8.888,165.37896138701717,2771.575362216781,0.8494469051786137,0.018581565438672953,3.6,769.8820450602169,348.0,267.91895168095544,433.2979130679726,34.72222222222222,8.949347812500001,2.742842899503494,115.0,1.0291749984375,0.03713321356754802,3.0,55.820981566274924,0.25,192.47051126505423,248.29149283132915,0.0760976746448845,665.1780869320276,0.15472172319811675,0.3732707040553807,122.48123444139816
Average,LDV (150-mile EV range),3262.8,430.59670606991676,26.4,16.31048129052715,8.888,144.9675577102053,2832.2032939300834,0.8680284706172867,0.018581565438673064,3.6,786.7231372028009,348.0,273.77965174657476,418.74720945678007,41.666666666666664,10.739217375,3.291411479404193,115.0,1.235009998125,0.043605979866341044,3.0,48.93144387158145,0.25,196.68078430070022,245.61222817228168,0.07527651960655929,679.72879054322,0.18169158277642103,0.3613385685428968,125.16049910044563
Average,EV,3262.8,0.0,26.4,0.0,8.888,0.0,3262.8,1.0,0.13197152938271328,3.6,906.3333333333334,348.0,315.404,315.404,83.33333333333333,21.47843475,6.582822958808386,115.0,2.47001999625,0.07570246402629643,3.0,0.0,0.15,135.95,135.95,0.04166666666666666,783.0720000000001,0.31542693344290174,0.17361111111111108,234.82272727272732
Best,ICE,3262.8,3262.8,18.0,181.26666666666668,8.888,1611.0981333333334,0.0,0.0,,4.2,0.0,125.0,0.0,1611.0981333333334,0.0,0.0,0.0,75.0,0.0,,5.0,906.3333333333334,0.15,0.0,906.3333333333334,0.2777777777777778,0.0,,,0.0
Best,LDV (25-mile EV range),3262.8,1326.0507418153966,18.0,73.66948565641093,8.888,654.7743885141803,1936.7492581846036,0.5935850368348056,0.5935850368348056,4.2,461.13077575823894,125.0,57.64134696977987,712.4157354839601,5.9523809523809526,1.5341739107142858,0.4702016399148847,75.0,0.11506304330357144,0.00594103975087745,5.0,368.34742828205464,0.15,69.16961636373584,437.51704464579046,0.13409251092490818,898.6823978493733,0.01280352698338451,0.4868427886123146,468.8162886875429
Best,LDV (50-mile EV range),3262.8,871.7312697849768,18.0,48.429514988054265,8.888,430.4415292138263,2391.0687302150236,0.7328272435377662,0.1392422067029606,4.2,569.3020786226247,125.0,71.16275982782808,501.6042890416544,11.904761904761905,3.0683478214285715,0.9404032798297693,75.0,0.23012608660714287,0.009624402832889213,5.0,242.14757494027134,0.15,85.3953117933937,327.54288673366506,0.10038705612776298,1109.4938442916791,0.0207415379356214,0.2952183001454815,578.7904465996683
Best,LDV (75-mile EV range),3262.8,711.7919196407493,18.0,39.54399553559718,8.888,351.4670323203878,2551.008080359251,0.7818462916388533,0.04901904810108715,4.2,607.3828762760121,125.0,75.92285953450151,427.3898918548893,17.857142857142858,4.602521732142857,1.410604919744654,75.0,0.34518912991071427,0.013531479283362456,5.0,197.71997767798592,0.15,91.10743144140181,288.82740911938777,0.08852133416678551,1183.708241478444,0.029161673275128613,0.24400219496541156,617.5059242139456
Best,LDV (100-mile EV range),3262.8,551.8525694965216,18.0,30.658476083140087,8.888,272.4925354269491,2710.9474305034787,0.8308653397399407,0.04901904810108737,4.2,645.4636739293996,125.0,80.68295924117497,353.17549466812403,23.80952380952381,6.136695642857143,1.8808065596595387,75.0,0.46025217321428574,0.016977539587656534,5.0,153.29238041570045,0.15,96.81955108940994,250.1119315051104,0.07665561220580801,1257.9226386652094,0.036588273322011484,0.19882934277302292,656.221401828223
Best,LDV (125-mile EV range),3262.8,491.2246377832193,18.0,27.290257654623293,8.888,242.55581003429182,2771.575362216781,0.8494469051786137,0.018581565438672953,4.2,659.8988957659002,125.0,82.48736197073751,325.0431720050293,29.76190476190476,7.670869553571428,2.3510081995744234,75.0,0.5753152165178571,0.020757697025337404,5.0,136.45128827311646,0.15,98.98483436488503,235.4361226380015,0.07215769358771652,1286.0549613283042,0.04473488566333446,0.18306847663402417,670.8972106953319
Best,LDV (150-mile EV range),3262.8,430.59670606991676,18.0,23.922039226106488,8.888,212.61908464163446,2832.2032939300834,0.8680284706172867,0.018581565438673064,4.2,674.3341176024007,125.0,84.29176470030008,296.9108493419345,35.714285714285715,9.205043464285714,2.821209839489308,75.0,0.6903782598214285,0.024376013589880084,5.0,119.61019613053244,0.15,101.15011764036011,220.76031377089254,0.06765977496962503,1314.187283991399,0.052532714950995284,0.16798238459621054,685.5730195624408
Best,EV,3262.8,0.0,18.0,0.0,8.888,0.0,3262.8,1.0,0.13197152938271328,4.2,776.8571428571429,125.0,97.10714285714285,97.10714285714285,71.42857142857143,18.410086928571427,5.642419678978616,75.0,1.380756519642857,0.04231814759233962,5.0,0.0,0.15,116.52857142857142,116.52857142857142,0.03571428571428571,1513.9909904761905,0.09119978443257262,0.0769678103513153,789.8047619047619
