Trip Distance Bin (miles),Avg Dist (mi),Trips (B/yr),Trips (B/wk),Trips/HH/wk,VMT (B/yr),EV VMT (B/yr),Gas VMT (B/yr),EV% in bin
0-1,0.3,146.472166637,2.816772435326923,21.43662431755649,35.305326588817024,35.305326588817024,0.0,100.0
1-3,1.0,123.019077722,2.3657514946538463,18.00419706738087,118.61157741995932,118.61157741995932,0.0,100.0
3-5,3.0,63.632368537,1.2236993949423076,9.312780783426998,184.0689548240127,184.0689548240127,0.0,100.0
5-10,5.0,81.9158275,1.5753043750000002,11.988617770167428,394.94406665316075,394.94406665316075,0.0,100.0
10-25,10.0,77.731193812,1.4948306502307693,11.376184552745581,749.499860668234,749.499860668234,0.0,100.0
25-50,25.0,24.428119776,0.46977153415384615,3.5751258306989815,588.760243772384,588.7602437723839,6.536551786200207e-14,99.99999999999999
50-100,50.0,8.245304503,0.15856354813461537,1.2067241106135111,397.2456737237009,198.62283686185043,198.62283686185046,49.99999999999999
100-250,100.0,3.747974247,0.07207642782692308,0.5485268479978925,361.08565429453273,90.27141357363317,270.81424072089953,24.999999999999996
250-500,250.0,0.773826547,0.01488127975,0.11325174847792999,186.4103550042335,18.64103550042335,167.76931950381015,10.0
500+,500.0,0.512649856,0.009858651076923077,0.07502778597353939,246.8682870509649,12.343414352548244,234.52487269841666,5.0
