charges_per_week,electric_range_mi,gas_vmt_billion
7,25,1378.759999019542
7,50,906.3780096764701
7,75,740.081440915973
7,100,573.7848721554758
7,125,510.747163093516
7,150,447.7094540315561
5,25,1671.364892807317
5,50,1260.384545506412
5,75,1109.576805700695
5,100,958.7690658949784
5,125,895.7313568330187
5,150,832.6936477710587
3,25,1963.969786595092
3,50,1614.391081336353
3,75,1479.072170485417
3,100,1343.753259634482
3,125,1280.715550572521
3,150,1217.677841510562
2,25,2159.039715786942
2,50,1850.395438556314
2,75,1725.402413675232
2,100,1600.40938879415
2,125,1537.37167973219
2,150,1474.33397067023
